Changes made at Sat Aug  9 05:58:18 UTC 2025
Changes made at Sat Aug  9 06:00:13 UTC 2025
Changes made at Sat Aug  9 06:01:25 UTC 2025
Changes made at Sat Aug  9 06:10:34 UTC 2025
Changes made at Sat Aug  9 08:14:07 UTC 2025
Changes made at Sat Aug  9 08:15:15 UTC 2025
Changes made at Sat Aug  9 10:11:03 UTC 2025
Changes made at Sat Aug  9 14:10:13 UTC 2025
Changes made at Sat Aug  9 16:12:55 UTC 2025
Changes made at Sun Aug 10 02:50:23 UTC 2025
Changes made at Sun Aug 10 02:52:41 UTC 2025
Changes made at Sun Aug 10 08:47:15 UTC 2025
Changes made at Sun Aug 10 10:42:43 UTC 2025
Changes made at Sun Aug 10 14:38:58 UTC 2025
Changes made at Sun Aug 10 16:48:42 UTC 2025
Changes made at Mon Aug 11 08:56:59 UTC 2025
Changes made at Mon Aug 11 10:49:50 UTC 2025
Changes made at Mon Aug 11 14:49:19 UTC 2025
Changes made at Mon Aug 11 16:54:52 UTC 2025
Changes made at Tue Aug 12 08:53:26 UTC 2025
Changes made at Tue Aug 12 10:46:02 UTC 2025
Changes made at Tue Aug 12 14:44:16 UTC 2025
Changes made at Tue Aug 12 16:53:30 UTC 2025
Changes made at Wed Aug 13 08:54:42 UTC 2025
Changes made at Wed Aug 13 10:46:28 UTC 2025
Changes made at Wed Aug 13 14:45:47 UTC 2025
Changes made at Wed Aug 13 16:43:02 UTC 2025
Changes made at Thu Aug 14 08:54:28 UTC 2025
Changes made at Thu Aug 14 10:47:57 UTC 2025
Changes made at Thu Aug 14 14:44:09 UTC 2025
Changes made at Thu Aug 14 16:50:13 UTC 2025
Changes made at Fri Aug 15 08:50:32 UTC 2025
Changes made at Fri Aug 15 10:43:29 UTC 2025
Changes made at Fri Aug 15 14:41:29 UTC 2025
Changes made at Fri Aug 15 16:49:42 UTC 2025
Changes made at Sat Aug 16 08:44:19 UTC 2025
Changes made at Sat Aug 16 10:38:52 UTC 2025
Changes made at Sat Aug 16 14:35:18 UTC 2025
Changes made at Sat Aug 16 16:42:42 UTC 2025
Changes made at Sun Aug 17 08:44:36 UTC 2025
Changes made at Sun Aug 17 10:39:51 UTC 2025
Changes made at Sun Aug 17 14:37:28 UTC 2025
Changes made at Sun Aug 17 16:45:16 UTC 2025
Changes made at Mon Aug 18 08:55:08 UTC 2025
Changes made at Mon Aug 18 10:48:59 UTC 2025
Changes made at Mon Aug 18 14:47:27 UTC 2025
Changes made at Mon Aug 18 16:54:05 UTC 2025
Changes made at Tue Aug 19 08:49:42 UTC 2025
Changes made at Tue Aug 19 10:42:21 UTC 2025
Changes made at Tue Aug 19 14:41:49 UTC 2025
Changes made at Tue Aug 19 16:47:55 UTC 2025
Changes made at Wed Aug 20 08:44:10 UTC 2025
Changes made at Wed Aug 20 10:42:17 UTC 2025
Changes made at Wed Aug 20 14:41:33 UTC 2025
Changes made at Wed Aug 20 16:45:56 UTC 2025
Changes made at Thu Aug 21 08:47:24 UTC 2025
Changes made at Thu Aug 21 10:41:47 UTC 2025
Changes made at Thu Aug 21 14:41:48 UTC 2025
Changes made at Fri Aug 22 08:46:36 UTC 2025
Changes made at Fri Aug 22 10:41:00 UTC 2025
Changes made at Fri Aug 22 14:38:52 UTC 2025
Changes made at Fri Aug 22 16:45:00 UTC 2025
Changes made at Sat Aug 23 08:41:54 UTC 2025
Changes made at Sat Aug 23 10:36:32 UTC 2025
Changes made at Sat Aug 23 14:33:30 UTC 2025
Changes made at Sat Aug 23 16:40:34 UTC 2025
Changes made at Sun Aug 24 08:38:48 UTC 2025
Changes made at Sun Aug 24 10:36:57 UTC 2025
Changes made at Sun Aug 24 14:33:45 UTC 2025
Changes made at Sun Aug 24 16:41:47 UTC 2025
Changes made at Mon Aug 25 08:52:50 UTC 2025
Changes made at Mon Aug 25 10:42:23 UTC 2025
Changes made at Mon Aug 25 14:41:29 UTC 2025
Changes made at Mon Aug 25 16:48:32 UTC 2025
Changes made at Tue Aug 26 08:50:49 UTC 2025
Changes made at Tue Aug 26 10:42:46 UTC 2025
Changes made at Tue Aug 26 14:38:57 UTC 2025
Changes made at Tue Aug 26 16:44:28 UTC 2025
Changes made at Wed Aug 27 08:44:33 UTC 2025
Changes made at Wed Aug 27 10:38:46 UTC 2025
Changes made at Wed Aug 27 14:39:18 UTC 2025
Changes made at Wed Aug 27 16:44:58 UTC 2025
Changes made at Thu Aug 28 08:44:58 UTC 2025
Changes made at Thu Aug 28 10:39:35 UTC 2025
Changes made at Thu Aug 28 14:40:05 UTC 2025
Changes made at Thu Aug 28 16:44:24 UTC 2025
Changes made at Fri Aug 29 08:43:27 UTC 2025
Changes made at Fri Aug 29 10:38:51 UTC 2025
Changes made at Fri Aug 29 14:37:37 UTC 2025
Changes made at Fri Aug 29 16:43:51 UTC 2025
Changes made at Sat Aug 30 08:38:04 UTC 2025
Changes made at Sat Aug 30 10:32:39 UTC 2025
Changes made at Sat Aug 30 14:29:54 UTC 2025
Changes made at Sat Aug 30 16:38:19 UTC 2025
Changes made at Sun Aug 31 08:36:48 UTC 2025
Changes made at Sun Aug 31 10:32:58 UTC 2025
Changes made at Sun Aug 31 14:30:55 UTC 2025
Changes made at Sun Aug 31 16:39:11 UTC 2025
Changes made at Mon Sep  1 08:49:46 UTC 2025
Changes made at Mon Sep  1 10:42:18 UTC 2025
Changes made at Mon Sep  1 14:37:59 UTC 2025
Changes made at Mon Sep  1 16:42:05 UTC 2025
Changes made at Tue Sep  2 08:47:40 UTC 2025
Changes made at Tue Sep  2 10:39:45 UTC 2025
Changes made at Tue Sep  2 14:40:54 UTC 2025
Changes made at Tue Sep  2 16:45:49 UTC 2025
Changes made at Wed Sep  3 08:41:40 UTC 2025
Changes made at Wed Sep  3 10:36:21 UTC 2025
Changes made at Wed Sep  3 14:37:49 UTC 2025
Changes made at Wed Sep  3 16:42:25 UTC 2025
Changes made at Thu Sep  4 08:41:49 UTC 2025
Changes made at Thu Sep  4 10:36:43 UTC 2025
Changes made at Thu Sep  4 14:37:59 UTC 2025
Changes made at Thu Sep  4 16:43:12 UTC 2025
Changes made at Fri Sep  5 08:41:51 UTC 2025
Changes made at Fri Sep  5 10:38:07 UTC 2025
Changes made at Fri Sep  5 14:34:19 UTC 2025
Changes made at Fri Sep  5 16:39:12 UTC 2025
Changes made at Sat Sep  6 08:33:48 UTC 2025
Changes made at Sat Sep  6 10:31:09 UTC 2025
Changes made at Sat Sep  6 14:28:01 UTC 2025
Changes made at Sat Sep  6 16:35:39 UTC 2025
Changes made at Sun Sep  7 08:33:43 UTC 2025
Changes made at Sun Sep  7 10:32:01 UTC 2025
Changes made at Sun Sep  7 14:28:36 UTC 2025
Changes made at Sun Sep  7 16:35:48 UTC 2025
Changes made at Mon Sep  8 08:48:20 UTC 2025
Changes made at Mon Sep  8 10:40:37 UTC 2025
Changes made at Mon Sep  8 14:40:29 UTC 2025
Changes made at Mon Sep  8 16:43:31 UTC 2025
Changes made at Tue Sep  9 08:46:43 UTC 2025
Changes made at Tue Sep  9 10:11:17 UTC 2025
Changes made at Tue Sep  9 14:08:55 UTC 2025
Changes made at Tue Sep  9 16:12:52 UTC 2025
Changes made at Wed Sep 10 08:14:22 UTC 2025
Changes made at Wed Sep 10 10:10:52 UTC 2025
Changes made at Wed Sep 10 14:09:47 UTC 2025
Changes made at Wed Sep 10 16:12:38 UTC 2025
Changes made at Thu Sep 11 08:14:29 UTC 2025
Changes made at Thu Sep 11 10:10:35 UTC 2025
Changes made at Thu Sep 11 14:10:27 UTC 2025
Changes made at Thu Sep 11 16:12:24 UTC 2025
Changes made at Fri Sep 12 08:13:51 UTC 2025
Changes made at Fri Sep 12 10:11:04 UTC 2025
Changes made at Fri Sep 12 14:09:47 UTC 2025
Changes made at Fri Sep 12 16:10:30 UTC 2025
Changes made at Sat Sep 13 08:11:56 UTC 2025
Changes made at Sat Sep 13 10:09:22 UTC 2025
Changes made at Sat Sep 13 14:07:42 UTC 2025
Changes made at Sat Sep 13 16:10:02 UTC 2025
Changes made at Sun Sep 14 08:11:58 UTC 2025
Changes made at Sun Sep 14 10:08:33 UTC 2025
Changes made at Sun Sep 14 14:08:19 UTC 2025
Changes made at Sun Sep 14 16:09:56 UTC 2025
Changes made at Mon Sep 15 08:14:57 UTC 2025
Changes made at Mon Sep 15 10:11:49 UTC 2025
Changes made at Mon Sep 15 14:11:33 UTC 2025
Changes made at Mon Sep 15 16:12:48 UTC 2025
Changes made at Tue Sep 16 08:14:54 UTC 2025
Changes made at Tue Sep 16 10:11:02 UTC 2025
Changes made at Tue Sep 16 14:11:14 UTC 2025
Changes made at Tue Sep 16 16:12:47 UTC 2025
Changes made at Wed Sep 17 08:14:09 UTC 2025
Changes made at Wed Sep 17 10:10:43 UTC 2025
Changes made at Wed Sep 17 14:10:14 UTC 2025
Changes made at Wed Sep 17 16:13:05 UTC 2025
Changes made at Thu Sep 18 08:13:56 UTC 2025
Changes made at Thu Sep 18 10:10:55 UTC 2025
Changes made at Thu Sep 18 14:11:21 UTC 2025
Changes made at Thu Sep 18 16:12:20 UTC 2025
Changes made at Fri Sep 19 08:14:16 UTC 2025
Changes made at Fri Sep 19 10:11:38 UTC 2025
Changes made at Fri Sep 19 14:10:32 UTC 2025
Changes made at Fri Sep 19 16:12:18 UTC 2025
Changes made at Sat Sep 20 08:12:11 UTC 2025
Changes made at Sat Sep 20 10:10:03 UTC 2025
Changes made at Sat Sep 20 14:08:38 UTC 2025
Changes made at Sat Sep 20 16:10:56 UTC 2025
Changes made at Sun Sep 21 08:11:38 UTC 2025
Changes made at Sun Sep 21 10:09:40 UTC 2025
Changes made at Sun Sep 21 14:08:23 UTC 2025
Changes made at Sun Sep 21 16:10:47 UTC 2025
Changes made at Mon Sep 22 08:15:23 UTC 2025
Changes made at Mon Sep 22 10:12:25 UTC 2025
Changes made at Mon Sep 22 14:11:40 UTC 2025
Changes made at Mon Sep 22 16:12:51 UTC 2025
Changes made at Tue Sep 23 08:14:20 UTC 2025
Changes made at Tue Sep 23 10:10:46 UTC 2025
Changes made at Tue Sep 23 14:10:44 UTC 2025
Changes made at Tue Sep 23 16:13:17 UTC 2025
Changes made at Wed Sep 24 08:14:46 UTC 2025
Changes made at Wed Sep 24 10:11:05 UTC 2025
Changes made at Wed Sep 24 14:09:15 UTC 2025
Changes made at Wed Sep 24 16:13:19 UTC 2025
Changes made at Thu Sep 25 08:14:22 UTC 2025
Changes made at Thu Sep 25 10:11:12 UTC 2025
Changes made at Thu Sep 25 14:11:09 UTC 2025
Changes made at Thu Sep 25 16:12:41 UTC 2025
Changes made at Fri Sep 26 08:14:42 UTC 2025
Changes made at Fri Sep 26 10:10:55 UTC 2025
Changes made at Fri Sep 26 14:09:15 UTC 2025
Changes made at Fri Sep 26 16:12:40 UTC 2025
Changes made at Sat Sep 27 08:11:54 UTC 2025
Changes made at Sat Sep 27 10:09:31 UTC 2025
Changes made at Sat Sep 27 14:08:19 UTC 2025
Changes made at Sat Sep 27 16:10:36 UTC 2025
Changes made at Sun Sep 28 08:12:05 UTC 2025
Changes made at Sun Sep 28 10:09:49 UTC 2025
Changes made at Sun Sep 28 14:07:57 UTC 2025
Changes made at Sun Sep 28 16:10:08 UTC 2025
Changes made at Mon Sep 29 08:15:59 UTC 2025
Changes made at Mon Sep 29 10:12:24 UTC 2025
Changes made at Mon Sep 29 14:11:13 UTC 2025
Changes made at Mon Sep 29 16:11:01 UTC 2025
Changes made at Tue Sep 30 08:15:10 UTC 2025
Changes made at Tue Sep 30 10:11:43 UTC 2025
Changes made at Tue Sep 30 14:11:21 UTC 2025
Changes made at Tue Sep 30 16:13:20 UTC 2025
Changes made at Wed Oct  1 08:15:07 UTC 2025
Changes made at Wed Oct  1 10:11:48 UTC 2025
Changes made at Wed Oct  1 14:10:57 UTC 2025
Changes made at Wed Oct  1 16:12:59 UTC 2025
Changes made at Thu Oct  2 08:13:40 UTC 2025
Changes made at Thu Oct  2 10:10:13 UTC 2025
Changes made at Thu Oct  2 14:10:37 UTC 2025
Changes made at Thu Oct  2 16:12:22 UTC 2025
Changes made at Fri Oct  3 08:13:42 UTC 2025
Changes made at Fri Oct  3 10:11:02 UTC 2025
Changes made at Fri Oct  3 14:10:12 UTC 2025
Changes made at Fri Oct  3 16:11:57 UTC 2025
Changes made at Sat Oct  4 08:12:32 UTC 2025
Changes made at Sat Oct  4 10:09:38 UTC 2025
Changes made at Sat Oct  4 14:08:18 UTC 2025
Changes made at Sat Oct  4 16:11:12 UTC 2025
Changes made at Sun Oct  5 08:12:09 UTC 2025
Changes made at Sun Oct  5 10:09:46 UTC 2025
Changes made at Sun Oct  5 14:08:12 UTC 2025
Changes made at Sun Oct  5 16:10:43 UTC 2025
Changes made at Mon Oct  6 08:14:38 UTC 2025
Changes made at Mon Oct  6 10:12:00 UTC 2025
Changes made at Mon Oct  6 14:10:52 UTC 2025
Changes made at Mon Oct  6 16:12:44 UTC 2025
Changes made at Tue Oct  7 08:15:02 UTC 2025
Changes made at Tue Oct  7 10:11:16 UTC 2025
Changes made at Tue Oct  7 14:11:18 UTC 2025
Changes made at Tue Oct  7 16:12:44 UTC 2025
Changes made at Wed Oct  8 08:15:19 UTC 2025
Changes made at Wed Oct  8 10:11:08 UTC 2025
Changes made at Wed Oct  8 14:11:08 UTC 2025
Changes made at Wed Oct  8 16:12:59 UTC 2025
Changes made at Thu Oct  9 08:14:23 UTC 2025
Changes made at Thu Oct  9 10:11:34 UTC 2025
Changes made at Thu Oct  9 14:10:55 UTC 2025
Changes made at Thu Oct  9 16:14:38 UTC 2025
Changes made at Fri Oct 10 08:14:56 UTC 2025
Changes made at Fri Oct 10 10:11:59 UTC 2025
Changes made at Fri Oct 10 14:10:42 UTC 2025
Changes made at Fri Oct 10 16:13:04 UTC 2025
Changes made at Sat Oct 11 08:12:34 UTC 2025
Changes made at Sat Oct 11 10:09:30 UTC 2025
Changes made at Sat Oct 11 14:07:59 UTC 2025
Changes made at Sat Oct 11 16:10:47 UTC 2025
Changes made at Sun Oct 12 08:12:34 UTC 2025
Changes made at Sun Oct 12 10:09:37 UTC 2025
Changes made at Sun Oct 12 14:08:18 UTC 2025
Changes made at Sun Oct 12 16:11:03 UTC 2025
Changes made at Mon Oct 13 08:15:53 UTC 2025
Changes made at Mon Oct 13 10:12:52 UTC 2025
Changes made at Mon Oct 13 14:11:06 UTC 2025
Changes made at Mon Oct 13 16:12:31 UTC 2025
Changes made at Tue Oct 14 08:13:20 UTC 2025
Changes made at Tue Oct 14 10:11:55 UTC 2025
Changes made at Tue Oct 14 14:11:28 UTC 2025
Changes made at Tue Oct 14 16:13:00 UTC 2025
Changes made at Wed Oct 15 08:15:27 UTC 2025
Changes made at Wed Oct 15 10:12:26 UTC 2025
Changes made at Wed Oct 15 14:11:25 UTC 2025
Changes made at Wed Oct 15 16:14:13 UTC 2025
Changes made at Thu Oct 16 08:15:41 UTC 2025
Changes made at Thu Oct 16 10:12:28 UTC 2025
Changes made at Thu Oct 16 14:11:15 UTC 2025
Changes made at Thu Oct 16 16:13:36 UTC 2025
Changes made at Fri Oct 17 08:15:17 UTC 2025
Changes made at Fri Oct 17 10:11:31 UTC 2025
Changes made at Fri Oct 17 14:10:44 UTC 2025
Changes made at Fri Oct 17 16:12:31 UTC 2025
Changes made at Sat Oct 18 08:13:05 UTC 2025
Changes made at Sat Oct 18 10:09:52 UTC 2025
Changes made at Sat Oct 18 14:08:33 UTC 2025
Changes made at Sat Oct 18 16:11:31 UTC 2025
Changes made at Sun Oct 19 08:12:28 UTC 2025
Changes made at Sun Oct 19 10:10:05 UTC 2025
Changes made at Sun Oct 19 14:08:30 UTC 2025
Changes made at Sun Oct 19 16:11:11 UTC 2025
Changes made at Mon Oct 20 08:15:38 UTC 2025
Changes made at Mon Oct 20 10:12:24 UTC 2025
Changes made at Mon Oct 20 14:10:15 UTC 2025
Changes made at Mon Oct 20 16:12:50 UTC 2025
Changes made at Tue Oct 21 08:18:16 UTC 2025
Changes made at Tue Oct 21 10:11:39 UTC 2025
Changes made at Tue Oct 21 14:12:40 UTC 2025
Changes made at Tue Oct 21 16:13:56 UTC 2025
Changes made at Wed Oct 22 08:16:47 UTC 2025
Changes made at Wed Oct 22 10:12:43 UTC 2025
Changes made at Wed Oct 22 14:12:12 UTC 2025
Changes made at Wed Oct 22 16:14:16 UTC 2025
Changes made at Thu Oct 23 08:15:34 UTC 2025
Changes made at Thu Oct 23 10:12:21 UTC 2025
Changes made at Thu Oct 23 14:11:31 UTC 2025
Changes made at Thu Oct 23 16:13:19 UTC 2025
Changes made at Fri Oct 24 08:14:53 UTC 2025
Changes made at Fri Oct 24 10:12:24 UTC 2025
Changes made at Fri Oct 24 14:11:08 UTC 2025
Changes made at Fri Oct 24 16:12:58 UTC 2025
Changes made at Sat Oct 25 08:12:42 UTC 2025
Changes made at Sat Oct 25 10:09:49 UTC 2025
Changes made at Sat Oct 25 14:08:31 UTC 2025
Changes made at Sat Oct 25 16:11:28 UTC 2025
Changes made at Sun Oct 26 08:13:05 UTC 2025
Changes made at Sun Oct 26 10:09:58 UTC 2025
Changes made at Sun Oct 26 14:08:40 UTC 2025
Changes made at Sun Oct 26 16:11:31 UTC 2025
Changes made at Mon Oct 27 08:16:03 UTC 2025
Changes made at Mon Oct 27 10:13:16 UTC 2025
Changes made at Mon Oct 27 14:11:26 UTC 2025
Changes made at Mon Oct 27 16:14:01 UTC 2025
Changes made at Tue Oct 28 08:15:10 UTC 2025
Changes made at Tue Oct 28 10:12:34 UTC 2025
Changes made at Tue Oct 28 14:11:23 UTC 2025
Changes made at Tue Oct 28 16:14:10 UTC 2025
Changes made at Wed Oct 29 08:15:30 UTC 2025
Changes made at Wed Oct 29 10:12:31 UTC 2025
Changes made at Wed Oct 29 14:11:33 UTC 2025
Changes made at Wed Oct 29 16:14:14 UTC 2025
Changes made at Thu Oct 30 08:14:44 UTC 2025
Changes made at Thu Oct 30 10:11:49 UTC 2025
Changes made at Thu Oct 30 14:10:20 UTC 2025
Changes made at Thu Oct 30 16:14:27 UTC 2025
Changes made at Fri Oct 31 08:14:40 UTC 2025
Changes made at Fri Oct 31 10:11:52 UTC 2025
Changes made at Fri Oct 31 14:11:00 UTC 2025
Changes made at Fri Oct 31 16:13:24 UTC 2025
Changes made at Sat Nov  1 08:12:34 UTC 2025
Changes made at Sat Nov  1 10:10:06 UTC 2025
Changes made at Sat Nov  1 14:08:24 UTC 2025
Changes made at Sat Nov  1 16:10:46 UTC 2025
Changes made at Sun Nov  2 08:12:15 UTC 2025
Changes made at Sun Nov  2 10:09:56 UTC 2025
Changes made at Sun Nov  2 14:08:32 UTC 2025
Changes made at Sun Nov  2 16:11:02 UTC 2025
Changes made at Mon Nov  3 08:16:27 UTC 2025
Changes made at Mon Nov  3 10:13:17 UTC 2025
Changes made at Mon Nov  3 14:11:08 UTC 2025
Changes made at Mon Nov  3 16:13:31 UTC 2025
Changes made at Tue Nov  4 08:15:20 UTC 2025
Changes made at Tue Nov  4 10:12:58 UTC 2025
Changes made at Tue Nov  4 14:11:26 UTC 2025
Changes made at Tue Nov  4 16:14:25 UTC 2025
Changes made at Wed Nov  5 08:15:20 UTC 2025
Changes made at Wed Nov  5 10:12:37 UTC 2025
Changes made at Wed Nov  5 14:11:18 UTC 2025
Changes made at Wed Nov  5 16:14:14 UTC 2025
Changes made at Thu Nov  6 08:15:11 UTC 2025
Changes made at Thu Nov  6 10:13:11 UTC 2025
Changes made at Thu Nov  6 14:11:15 UTC 2025
Changes made at Thu Nov  6 16:14:20 UTC 2025
Changes made at Fri Nov  7 08:15:22 UTC 2025
Changes made at Fri Nov  7 10:12:24 UTC 2025
Changes made at Fri Nov  7 14:10:43 UTC 2025
Changes made at Fri Nov  7 16:11:13 UTC 2025
Changes made at Sat Nov  8 08:13:02 UTC 2025
Changes made at Sat Nov  8 10:09:57 UTC 2025
Changes made at Sat Nov  8 14:08:29 UTC 2025
Changes made at Sat Nov  8 16:11:36 UTC 2025
Changes made at Sun Nov  9 08:12:31 UTC 2025
Changes made at Sun Nov  9 10:09:44 UTC 2025
Changes made at Sun Nov  9 14:08:14 UTC 2025
Changes made at Sun Nov  9 16:11:13 UTC 2025
Changes made at Mon Nov 10 08:16:43 UTC 2025
Changes made at Mon Nov 10 10:13:44 UTC 2025
Changes made at Mon Nov 10 14:11:10 UTC 2025
Changes made at Mon Nov 10 16:14:10 UTC 2025
Changes made at Tue Nov 11 08:15:04 UTC 2025
Changes made at Tue Nov 11 10:12:28 UTC 2025
Changes made at Tue Nov 11 14:11:00 UTC 2025
Changes made at Tue Nov 11 16:13:44 UTC 2025
Changes made at Wed Nov 12 08:15:27 UTC 2025
Changes made at Wed Nov 12 10:12:47 UTC 2025
Changes made at Wed Nov 12 14:12:03 UTC 2025
Changes made at Wed Nov 12 16:14:52 UTC 2025
Changes made at Thu Nov 13 08:15:01 UTC 2025
Changes made at Thu Nov 13 10:12:46 UTC 2025
Changes made at Thu Nov 13 14:11:35 UTC 2025
Changes made at Thu Nov 13 16:14:05 UTC 2025
Changes made at Fri Nov 14 08:15:13 UTC 2025
Changes made at Fri Nov 14 10:13:00 UTC 2025
